"orderRef","amount","paymentRespondOn","successcode","PayRef","ord","sourceIp","ipCountry","return_payMethod"
"rpm-5024881375865859","65.4","2013-08-07 04:58:32","0","34468502","2013080734425267","123.4.126.104","CN","ALIPAY"
"rpm-5072261375865929","65.4","2013-08-07 04:59:50","0","34468544","2013080703526680","111.161.31.143","CN","ALIPAY"
"rpm-5078171375865982","65.4","2013-08-07 04:58:54","0","34468575","2013080713588451","122.159.99.222","CN","ALIPAY"
"rpm-5024831375866176","65.4","2013-08-07 05:01:25","0","34468733","2013080734440767","123.4.126.104","CN","ALIPAY"
"rpm-5019851375866259","65.4","2013-08-07 05:03:01","0","34468799","2013080713596851","122.159.99.222","CN","ALIPAY"
"rpm-5041811375866414","65.4","2013-08-07 05:36:37","0","34468924","0003014824468924","110.250.68.69","CN*","CHINAPAY"
"rpm-5058801375866449","65.4","2013-08-07 05:06:33","0","34468952","2013080713605751","122.159.99.222","CN","ALIPAY"
"rpm-5033341375866654","65.4","2013-08-07 05:11:01","0","34469124","0003014824469124","118.114.120.149","CN*","CHINAPAY"
"rpm-5019401375866655","65.4","2013-08-07 05:09:45","0","34469116","2013080713614251","122.159.99.222","CN","ALIPAY"
"rpm-5072851375866857","65.4","2013-08-07 05:15:59","0","34469295","2013080740963983","110.184.20.159","CN","ALIPAY"
"rpm-5018111375866887","65.4","2013-08-07 05:15:14","0","34469326","0003014824469326","61.170.128.112","CN*","CHINAPAY"
"rpm- 5054191375867339","65.4","2013-08-07 05:27:55","0","34469672","2013080776064336","58.44.247.136","CN","ALIPAY"
"rpm-5042521375867595","65.4","2013-08-07 05:28:57","0","34469878","2013080723862798","112.241.153.57","CN","ALIPAY"
"rpm-5029521375867764","65.4","2013-08-07 05:29:22","0","34469997","2013080713665451","122.159.99.222","CN","ALIPAY"
"rpm-5026031375868012","65.4","2013-08-07 05:33:04","0","34470189","2013080736975093","221.221.172.77","CN","ALIPAY"
"rpm-5032341375868053","65.4","2013-08-07 05:33:14","0","34470213","2013080713674851","122.159.99.222","CN","ALIPAY"
"rpm-5031811375868744","65.4","2013-08-07 05:47:41","0","34470685","2013080777999170","111.225.240.201","CN","ALIPAY"
"rpm-5025351375868850","65.4","2013-08-07 05:47:51","0","34470768","2013080713709951","122.159.99.222","CN","ALIPAY"
"rpm-5071301375869197","65.4","2013-08-07 05:55:50","0","34471021","2013080734600467","112.90.231.39","CN","ALIPAY"
"rpm-5005661375869240","65.4","2013-08-07 05:53:05","0","34471047","2013080713724651","122.159.99.222","CN","ALIPAY"
"rpm-5005701375869502","65.4","2013-08-07 05:57:34","0","34471229","2013080713735951","122.159.99.222","CN","ALIPAY"
